,country_name,country_code,year,totch,totir,totgr,post_cw
1,Afghanistan,700,1923,2,2,1.5,0
2,Afghanistan,700,1931,4.5,0.75,2,0
3,Afghanistan,700,1964,6.5,0.5,1,0
4,Afghanistan,700,1977,7.5,0.5,1.5,0
5,Afghanistan,700,1979,0,0,0,0
6,Afghanistan,700,1980,4.5,5.75,4,0
7,Afghanistan,700,1987,6.5,5.25,6,0
8,Afghanistan,700,1990,8,5.75,5.75,0
9,Afghanistan,700,2001,5.5,0.5,0.5,1
10,Afghanistan,700,2004,9,1.25,8.25,1
11,Albania,339,1914,2,3.5,6.5,0
12,Albania,339,1920,0,0,0,0
13,Albania,339,1925,4.5,2.5,0.5,0
14,Albania,339,1928,9,2.5,1.5,0
15,Albania,339,1939,3,1,1,0
16,Albania,339,1946,3,8.25,7,0
17,Albania,339,1976,5,4,7,0
18,Albania,339,1991,0.5,2,2,0
19,Albania,339,1998,7.5,12,8.75,1
20,Albania,339,2012,8,11,11,1
21,Albania,399,2012,8,12,15.5,1
22,Algeria,615,1963,8.5,3,1.75,0
23,Algeria,615,1976,8.5,1.5,0.5,0
24,Algeria,615,1989,9,3.5,0.5,0
25,Algeria,615,1996,9.5,3,0.5,1
26,Algeria,615,2008,9,2,3,1
27,Andorra,232,1993,4.5,6.5,0,1
28,Angola,540,1975,3.5,6.5,1,0
29,Angola,540,2010,6.5,10.75,5.75,1
30,Antigua and Barbuda,58,1981,2,5,0.5,0
31,Argentina,58,1816,5,0,1.5,0
32,Argentina,160,1819,3,0.25,3.5,0
33,Argentina,160,1826,2.5,0.25,0,0
34,Argentina,160,1853,5,0.75,1,0
35,Argentina,160,1972,5,0.75,1,0
36,Argentina,160,1983,5,0.75,1,0
37,Argentina,160,1994,7.5,1.25,7.25,1
38,Armenia,371,1995,5,6.5,6,1
39,Armenia,371,2005,7,9.5,8,1
40,Australia,900,1901,1,3,0.5,0
41,Australia,900,1985,1.5,3,0.5,0
42,Austria,305,1920,2.5,1.5,1.5,0
43,Austria,305,1934,6.5,3.5,5.5,0
44,Austria,305,1945,2,1.5,1.5,0
45,Austria,305,2013,3.5,1,4.5,1
46,Austria-Hungary,300,1848,2.5,2,5.5,0
47,Austria-Hungary,300,1849,0,0.5,6.5,0
48,Austria-Hungary,300,1867,0,0,1,0
49,Azerbaijan,373,1991,1.5,3,0,0
50,Azerbaijan,373,1995,6.5,12,4.25,1
51,Azerbaijan,373,2009,5.5,9.75,6.25,1
52,Bahamas,31,1973,2.5,5.75,2,0
53,Bahamas,31,2002,2.5,5.5,2.125,1
54,Bahrain,692,1973,7.5,5.5,0,0
55,Bahrain,692,2002,9,4.75,0.5,1
56,Bahrain,692,2012,11,4.5,0.5,1
57,Bangladesh,771,1972,6,7,2.75,0
58,Bangladesh,771,1986,5.5,4.5,1.75,0
59,Bangladesh,771,2011,8.5,7.5,9.75,1
60,Barbados,53,1966,2,5,2.75,0
61,Barbados,53,2007,1.5,5.25,3.25,1
62,Belarus,370,1994,5,6,7.5,1
63,Belarus,370,2004,2.5,4.25,5.75,1
64,Belgium,211,1831,1,4,2,0
65,Belgium,211,2012,2,4.25,13,1
66,Belize,80,1981,1,5,2.75,0
67,Belize,80,2011,4,6.5,2.75,1
68,Benin,434,1960,1.5,4,1,0
69,Benin,434,1964,2.5,4,1.5,0
70,Benin,434,1968,3,2,1,0
71,Benin,434,1970,3,4.5,1.5,0
72,Benin,434,1979,1.5,5,0.5,0
73,Benin,434,1990,5.5,6.5,5.5,0
74,Bhutan,760,1953,3,0,0,0
75,Bhutan,760,2005,6,5.5,1.5,1
76,Bhutan,760,2008,10,5.25,5.5,1
77,Bolivia,145,1826,3.5,0.75,0,0
78,Bolivia,145,1831,3,0.5,0,0
79,Bolivia,145,1834,3.5,0,0,0
80,Bolivia,145,1839,4,0,0,0
81,Bolivia,145,1843,3.5,0,0,0
82,Bolivia,145,1851,4.5,0.25,0,0
83,Bolivia,145,1861,4,0,0,0
84,Bolivia,145,1868,4,0,0,0
85,Bolivia,145,1871,2.5,0,0.5,0
86,Bolivia,145,1878,3,0,0.5,0
87,Bolivia,145,1880,4.5,0,0.25,0
88,Bolivia,145,1938,4,0.75,3.25,0
89,Bolivia,145,1945,3,0.75,3.25,0
90,Bolivia,145,1947,5,1,2,0
91,Bolivia,145,1961,3.5,1.25,2.25,0
92,Bolivia,145,1967,4,5.25,2.5,0
93,Bolivia,145,2009,6.5,10.5,24.625,1
94,Bosnia and Herzegovina,346,1995,0,5,3.5,1
95,Bosnia and Herzegovina,346,2009,0,5,3.5,1
96,Botswana,571,1966,0,5.75,1.5,0
97,Botswana,571,2006,1,5.75,2.75,1
98,Brazil,140,1824,3.5,0.5,0,0
99,Brazil,140,1891,2,2.75,0.25,0
100,Brazil,140,1934,5.5,6.75,0.25,0
101,Brazil,140,1937,3.5,2.75,0.5,0
102,Brazil,140,1946,6,4.5,0.5,0
103,Brazil,140,1967,4.5,6.5,1.25,0
104,Brazil,140,1988,6.5,5,9.75,0
105,Brazil,140,2013,8,7.5,13.5,1
106,Brunei,835,1959,4,1,2.5,0
107,Brunei,835,2006,6,1.5,1,1
108,Bulgaria,355,1879,3.5,1.5,0,0
109,Bulgaria,355,1883,3.5,1.5,0,0
110,Bulgaria,355,1947,4,7,5.5,0
111,Bulgaria,355,1971,4.5,6,3.5,0
112,Bulgaria,355,1991,6,6.5,2.75,0
113,Bulgaria,355,2007,6.5,8.5,2.75,1
114,Burkina Faso,439,1960,2,4.5,1.5,0
115,Burkina Faso,439,1970,4,5.5,2,0
116,Burkina Faso,439,1977,4,5.25,2.75,0
117,Burkina Faso,439,1988,3,1,2.5,0
118,Burkina Faso,439,1991,3.5,6,2,0
119,Burkina Faso,439,2012,6,6.25,4.75,1
120,Burundi,516,1962,2,2.25,1.5,0
121,Burundi,516,1974,1.5,6.25,2,0
122,Burundi,516,1981,6,4.75,0.5,0
123,Burundi,516,1992,5,4,2.75,1
124,Burundi,516,1998,3.5,4.5,1,1
125,Burundi,516,2004,3.5,5.75,6.5,1
126,Burundi,516,2005,5.5,6,8.25,1
127,Cambodia,811,1947,3,1,0.5,0
128,Cambodia,811,1972,7,3,1,0
129,Cambodia,811,1976,2.5,1.25,0,0
130,Cambodia,811,1981,3.5,2.5,5.25,0
131,Cambodia,811,1989,6.5,3.75,2.75,0
132,Cambodia,811,1993,8,5,1,1
133,Cambodia,811,2008,8,4.5,0,1
134,Cameroon,471,1960,1,4,0.25,0
135,Cameroon,471,1961,1,1,1.25,0
136,Cameroon,471,1972,3,6,2.75,0
137,Cameroon,471,2008,4.5,6,6,1
138,Canada,20,1867,0,0.5,0.5,0
139,Canada,20,1982,1,5,10,0
140,Canada,20,2011,1,6,14.25,1
141,Cape Verde,402,1980,4,3.5,1.25,0
142,Cape Verde,402,2010,6,8,3,1
143,Central African Republic,482,1959,2,2.5,1,0
144,Central African Republic,482,1964,2.5,3.5,1,0
145,Central African Republic,482,1976,1.5,2.25,3.25,0
146,Central African Republic,482,1981,1.5,5.5,1,0
147,Central African Republic,482,1986,1,2.5,2,0
148,Central African Republic,482,1994,3,4.25,3.5,1
149,Central African Republic,482,2004,4.5,4.75,3.75,1
150,Central African Republic,482,2013,2.5,7,3.5,1
151,Chad,483,1960,3,6,1.75,0
152,Chad,483,1962,3.5,4,1.75,0
153,Chad,483,1978,1,1,2.5,0
154,Chad,483,1989,3,3.5,2.75,0
155,Chad,483,1996,4,4.5,5.5,1
156,Chad,483,2005,5,5.25,6.25,1
157,Chile,155,1822,4,0,1,0
158,Chile,155,1823,4.5,0,0,0
159,Chile,155,1828,3.5,0.25,0,0
160,Chile,155,1833,3,0,0,0
161,Chile,155,1925,2,0.75,0.75,0
162,Chile,155,1980,3.5,0.75,0.25,0
163,Chile,155,2015,3.5,0.75,1.5,1
164,China,710,1911,0,0,0,0
165,China,710,1912,1.5,3.5,0,0
166,China,710,1914,1,2.5,0.5,0
167,China,710,1923,1,2.5,0.5,0
168,China,710,1928,1.5,3,0,0
169,China,710,1947,3,2.75,5,0
170,China,710,1949,0.5,0,1,0
171,China,710,1954,1,4,4.75,0
172,China,710,1975,1.5,2.5,3.25,0
173,China,710,1978,1.5,2.5,8,0
174,China,710,1982,4,4.75,7.75,0
175,China,710,2004,2.5,4.25,9.25,1
176,Colombia,100,1830,4.5,0,0,0
177,Colombia,100,1832,3,0,0,0
178,Colombia,100,1843,4,0,0,0
179,Colombia,100,1853,2,1,0,0
180,Colombia,100,1858,1,1.5,0.5,0
181,Colombia,100,1861,1.5,0.5,0,0
182,Colombia,100,1863,2,0.5,0,0
183,Colombia,100,1886,3.5,0.75,0.5,0
184,Colombia,100,1991,6.5,8,8.5,0
185,Colombia,100,2013,6,8.75,15.25,1
186,Comoros,581,1975,2.5,3,0,0
187,Comoros,581,1978,4.5,4,1,0
188,Comoros,581,1992,6,2.5,1.5,1
189,Comoros,581,1996,5,3,1.5,1
190,Comoros,581,2001,4,3,1,1
191,Comoros,581,2009,5,3,2,1
192,Congo,484,1961,2.5,3.5,1,0
193,Congo,484,1963,2,4.5,2,0
194,Congo,484,1969,1,4.75,1,0
195,Congo,484,1973,3,4,2,0
196,Congo,484,1979,1.5,3.5,0.5,0
197,Congo,484,1992,3,7.75,4,1
198,Congo,484,2001,5,7.75,3,1
199,Costa Rica,94,1841,1,0,0,0
200,Costa Rica,94,1844,3.5,0,0,0
201,Costa Rica,94,1847,4,0,0,0
202,Costa Rica,94,1848,3.5,0,0,0
203,Costa Rica,94,1859,4,0,0,0
204,Costa Rica,94,1869,3.5,0.25,0,0
205,Costa Rica,94,1871,4,0.25,0,0
206,Costa Rica,94,1917,4,0.5,0,0
207,Costa Rica,94,1919,0,0,0,0
208,Costa Rica,94,1949,5.5,0.5,0,0
209,Costa Rica,94,2011,9.5,2,4.5,1
210,Cote d'Ivoire,437,1960,2.5,4,1,0
211,Cote d'Ivoire,437,2000,6,4.5,5.25,1
212,Cote d'Ivoire,437,2012,6,4.5,5.25,1
213,Croatia,344,1991,6,9.5,14.25,0
214,Croatia,344,2010,4,8.5,11.75,1
215,Cuba,40,1901,2.5,2,0,0
216,Cuba,40,1934,3.5,2.5,1,0
217,Cuba,40,1935,3,2.5,1,0
218,Cuba,40,1940,6,4.5,0,0
219,Cuba,40,1952,6.5,3.5,2,0
220,Cuba,40,1959,4,3.75,1.75,0
221,Cuba,40,1976,4,2.5,0,0
222,Cuba,40,2003,6,6,1.5,1
223,Cyprus,352,1960,2.5,7.75,10.75,0
224,Cyprus,352,2013,0,0,0,1
225,Czech Republic,316,1993,2,9.75,7.25,1
226,Czech Republic,316,2013,0.5,0,1.5,1
227,Czechoslovakia,315,1918,0,0,0,0
228,Czechoslovakia,315,1920,3.5,8.25,9.5,0
229,Czechoslovakia,315,1948,4,3,4.5,0
230,Czechoslovakia,315,1960,3,3.75,4,0
231,Democratic Republic of the Congo,490,1960,1,0,1.25,0
232,Democratic Republic of the Congo,490,1964,4,5.5,2,0
233,Democratic Republic of the Congo,490,1967,4,5.5,1.75,0
234,Democratic Republic of the Congo,490,1978,3,5.5,1.5,0
235,Democratic Republic of the Congo,490,1997,0.5,0,0,1
236,Democratic Republic of the Congo,490,2003,3.5,8.75,2.5,1
237,Democratic Republic of the Congo,490,2005,4.5,8.25,6.5,1
238,Democratic Republic of the Congo,490,2011,7,8.75,8,1
239,Denmark,390,1849,5,1.75,0.5,0
240,Denmark,390,1863,3.5,0,0.5,0
241,Denmark,390,1866,5.5,2,0,0
242,Denmark,390,1915,2.5,1.5,0.25,0
243,Denmark,390,1953,3.5,4.25,1.25,0
244,Djibouti,522,1977,1,3,0,0
245,Djibouti,522,1992,1.5,5.5,1,1
246,Djibouti,522,2010,4,5.5,1.5,1
247,Dominica,54,1978,2,4.5,3,0
248,Dominica,54,1984,3,6.25,1.5,0
249,Dominican Republic,42,1844,4.5,1,0.5,0
250,Dominican Republic,42,1854,4,0,0,0
251,Dominican Republic,42,1858,4.5,0,0.5,0
252,Dominican Republic,42,1865,4,1.25,0,0
253,Dominican Republic,42,1866,4.5,0.25,0,0
254,Dominican Republic,42,1868,1,0,0,0
255,Dominican Republic,42,1872,4,1,0.5,0
256,Dominican Republic,42,1874,4,1.25,0,0
257,Dominican Republic,42,1875,4,1.25,0,0
258,Dominican Republic,42,1877,4,1.75,0,0
259,Dominican Republic,42,1878,4,1.75,0,0
260,Dominican Republic,42,1879,4,1.75,0,0
261,Dominican Republic,42,1880,4,1.75,0,0
262,Dominican Republic,42,1881,4,1.75,0,0
263,Dominican Republic,42,1887,4.5,1,0.5,0
264,Dominican Republic,42,1896,4.5,0.75,0.5,0
265,Dominican Republic,42,1907,4.5,0.5,0,0
266,Dominican Republic,42,1908,3.5,1,0,0
267,Dominican Republic,42,1924,4,1,0,0
268,Dominican Republic,42,1927,3.5,0.5,0,0
269,Dominican Republic,42,1929,3.5,1.5,0,0
270,Dominican Republic,42,1934,0,0,0,0
271,Dominican Republic,42,1942,3.5,1,0,0
272,Dominican Republic,42,1947,3.5,0.75,0,0
273,Dominican Republic,42,1955,5,1.25,0,0
274,Dominican Republic,42,1961,3,0.25,0,0
275,Dominican Republic,42,1962,6,1,0,0
276,Dominican Republic,42,1963,5,1.75,0,0
277,Dominican Republic,42,1966,5.5,0.75,0,0
278,Dominican Republic,42,1994,5.5,0.75,0,1
279,Dominican Republic,42,2002,5,1,0,1
280,Dominican Republic,42,2010,7.5,6,1,1
281,Dominican Republic,42,2015,6.5,5.5,2.75,1
282,Ecuador,130,1830,4.5,0,0.5,0
283,Ecuador,130,1835,3.5,0,0.5,0
284,Ecuador,130,1843,3.5,0,0,0
285,Ecuador,130,1845,4,0,0.5,0
286,Ecuador,130,1851,4,0,0.5,0
287,Ecuador,130,1852,4,0,0.5,0
288,Ecuador,130,1861,3.5,0,0,0
289,Ecuador,130,1869,5,0,0,0
290,Ecuador,130,1878,3,0,0,0
291,Ecuador,130,1884,3.5,0,0,0
292,Ecuador,130,1897,3,0.5,0.5,0
293,Ecuador,130,1906,1,0.5,0.5,0
294,Ecuador,130,1929,2,0.5,3.5,0
295,Ecuador,130,1945,5.5,3.25,6.75,0
296,Ecuador,130,1946,4,1.25,0.75,0
297,Ecuador,130,1967,5.5,4.25,4,0
298,Ecuador,130,1978,5,6,7,0
299,Ecuador,130,1984,5.5,4.75,4.75,0
300,Ecuador,130,1993,5.5,4.75,4.75,1
301,Ecuador,130,1996,5.5,4.75,5.75,1
302,Ecuador,130,1997,5,4.75,6.5,1
303,Ecuador,130,1998,6,8.25,15,1
304,Ecuador,130,2008,6.5,10,20.25,1
305,Ecuador,130,2015,4,12.5,20.75,1
306,Egypt,651,1923,5,5,0,0
307,Egypt,651,1930,4.5,4.25,0,0
308,Egypt,651,1953,1.5,1.5,0,0
309,Egypt,651,1956,5,4.75,0,0
310,Egypt,651,1958,3,4,0.5,0
311,Egypt,651,1964,6,4.25,0.5,0
312,Egypt,651,1971,7,6.5,0,0
313,Egypt,651,2011,6.5,6,0,1
314,Egypt,651,2012,12,2.5,1.75,1
315,Egypt,651,2014,10.5,8,2,1
316,El Salvador,92,1841,4,1.5,0,0
317,El Salvador,92,1864,4,0,0,0
318,El Salvador,92,1871,4.5,0,0,0
319,El Salvador,92,1872,4.5,0,0,0
320,El Salvador,92,1880,3,1.25,0,0
321,El Salvador,92,1883,2,1.25,0,0
322,El Salvador,92,1886,2,1.25,0,0
323,El Salvador,92,1939,3.5,1.25,0,0
324,El Salvador,92,1950,6,4.25,0,0
325,El Salvador,92,1983,6,2.75,2.25,0
326,El Salvador,92,2009,9,5.25,5.75,1
327,Equatorial Guinea,411,1968,2,4.5,3.75,0
328,Equatorial Guinea,411,1973,3.5,2,2,0
329,Equatorial Guinea,411,1982,6.5,5.75,2.25,0
330,Equatorial Guinea,411,1991,6,3.5,2.75,0
331,Equatorial Guinea,411,2012,6,5.5,4,1
332,Eritrea,531,1997,6,7,3,1
333,Estonia,366,1919,1.5,1.5,3.25,0
334,Estonia,366,1920,3.5,6.5,3.5,0
335,Estonia,366,1933,3,5.5,5.75,0
336,Estonia,366,1937,4.5,5.25,5.25,0
337,Estonia,366,1992,7.5,8.5,6.75,1
338,Estonia,366,2011,6.5,9.75,6.75,1
339,Ethiopia,530,1931,0.5,0,0,0
340,Ethiopia,530,1955,4.5,0.75,0,0
341,Ethiopia,530,1987,3.5,5.5,8.5,0
342,Ethiopia,530,1991,1,1.5,4,0
343,Ethiopia,530,1994,1.5,9.75,15.375,1
344,Fiji,950,1970,2.5,5.5,4,0
345,Fiji,950,1990,4.5,6.5,12,0
346,Fiji,950,1997,3.5,10,17.75,1
347,Fiji,950,2013,3,8,9.25,1
348,Finland,375,1919,4.5,2.25,5.5,0
349,Finland,375,1999,4,7.75,9.5,1
350,Finland,375,2011,3,8,9.25,1
351,France,220,1791,5,1.5,0.75,0
352,France,220,1793,2,2,0,0
353,France,220,1795,3,2.5,0,0
354,France,220,1799,3,0,0,0
355,France,220,1802,1,0,0,0
356,France,220,1804,3.5,0.75,0,0
357,France,220,1814,2,2,0.5,0
358,France,220,1815,2.5,0.75,0,0
359,France,220,1830,1,2,1,0
360,France,220,1848,5,2,0.5,0
361,France,220,1852,1.5,0.5,1.5,0
362,France,220,1875,1.5,0,0,0
363,France,220,1940,0,0,0,0
364,France,220,1946,1,4.5,0,0
365,France,220,1958,1,4,1,0
366,France,220,2008,2.5,4,0.25,1
367,Gabon,481,1960,4,2.5,2.75,0
368,Gabon,481,1961,3,6.75,3,0
369,Gabon,481,1975,3,7.25,3,0
370,Gabon,481,1991,4,7,4,0
371,Gabon,481,2003,7,8,5.25,1
372,Gambia,420,1970,0.5,5.25,1.75,0
373,Gambia,420,1996,5.5,8,5.75,1
374,Gambia,420,2004,4.5,9.25,3,1
375,Georgia,372,1921,2.5,6.5,7.25,0
376,Georgia,372,1992,2.5,5,5.75,1
377,Georgia,372,1995,6.5,10.25,3.5,1
378,Georgia,372,2013,4.5,8.5,6.75,1
379,German Democratic Republic,265,1949,2.5,9,10,0
380,German Democratic Republic,265,1968,4,5,3.5,0
381,Germany,255,1848,2.5,4.75,2.75,0
382,Germany,255,1850,4,4,4,0
383,Germany,255,1871,3,0.5,0,0
384,Germany,255,1919,5,9.5,7.5,0
385,Germany,260,1949,5.5,11,4.5,0
386,Germany,260,2012,4.5,9.5,5,1
387,Ghana,452,1957,0,0.5,0,0
388,Ghana,452,1960,1.5,1.25,1,0
389,Ghana,452,1969,2,5.75,1.5,0
390,Ghana,452,1979,2.5,5.25,2,0
391,Ghana,452,1982,1.5,0.5,1,0
392,Ghana,452,1992,5,6.25,7.25,1
393,Ghana,452,1996,5,6.25,7.25,1
394,Great Colombia,99,1821,2.5,0,0,0
395,Greece,350,1827,6,3,0,0
396,Greece,350,1844,5,1,1,0
397,Greece,350,1864,5.5,1.5,1,0
398,Greece,350,1925,3.5,3.5,0.5,0
399,Greece,350,1926,3.5,5,0.5,0
400,Greece,350,1927,5,5.5,1,0
401,Greece,350,1952,6.5,5.25,1,0
402,Greece,350,1968,9,5.5,2,0
403,Greece,350,1975,8,6.5,2,0
404,Greece,350,2008,6,4.25,0.75,1
405,Grenada,55,1974,2.5,5,3.25,0
406,Grenada,55,1991,2.5,5,3.25,0
407,Grenada,55,1992,2,5.5,2,1
408,Guatemala,90,1825,2,0,0.5,0
409,Guatemala,90,1845,3,0.5,2,0
410,Guatemala,90,1851,3.5,0,0,0
411,Guatemala,90,1879,2,0.5,0,0
412,Guatemala,90,1945,4,2.75,2.5,0
413,Guatemala,90,1954,2.5,1.5,0,0
414,Guatemala,90,1956,5,3.5,6,0
415,Guatemala,90,1965,8,4.75,4,0
416,Guatemala,90,1982,2.5,4,2.25,0
417,Guatemala,90,1985,6.5,4.5,11.75,0
418,Guatemala,90,1993,7,3.75,12.75,1
419,Guinea,438,1958,1.5,4.5,1,0
420,Guinea,438,1982,2,2.25,1,0
421,Guinea,438,1990,3,7.5,3,0
422,Guinea,438,2010,3.5,6.5,6,1
423,Guinea-Bissau,404,1973,1,2,0.5,0
424,Guinea-Bissau,404,1984,3.5,4,0,0
425,Guinea-Bissau,404,1996,1,3,0,1
426,Guyana,110,1966,2,5,2.25,0
427,Guyana,110,1970,1,2.75,1,0
428,Guyana,110,1980,2.5,6,2.75,0
429,Guyana,110,2007,4.5,8.25,17.25,1
430,Haiti,41,1801,1.5,0,0,0
431,Haiti,41,1805,2,1.75,1,0
432,Haiti,41,1806,3.5,1,0.5,0
433,Haiti,41,1807,5,0.5,0,0
434,Haiti,41,1811,2,0,0,0
435,Haiti,41,1816,4,0.25,0.5,0
436,Haiti,41,1843,2.5,1.5,1.5,0
437,Haiti,41,1846,3.5,2.25,2.5,0
438,Haiti,41,1849,5,1,1.25,0
439,Haiti,41,1867,3.5,2,2,0
440,Haiti,41,1874,4.5,1,1.25,0
441,Haiti,41,1879,3,2,2,0
442,Haiti,41,1888,2.5,0.75,0,0
443,Haiti,41,1889,3.5,1.5,0,0
444,Haiti,41,1918,3.5,1,0,0
445,Haiti,41,1935,3.5,0.75,0,0
446,Haiti,41,1946,4.5,1,0,0
447,Haiti,41,1950,6.5,1.5,0,0
448,Haiti,41,1957,6.5,3,2,0
449,Haiti,41,1964,7.5,2,2,0
450,Haiti,41,1983,6,4.5,1,0
451,Haiti,41,1987,7,3.25,1,0
452,Haiti,41,2012,7,1.75,2.5,1
453,Honduras,91,1839,5.5,1,0,0
454,Honduras,91,1848,4.5,0.25,0,0
455,Honduras,91,1865,4.5,0.5,0,0
456,Honduras,91,1873,5.5,0.25,0.5,0
457,Honduras,91,1880,2.5,2.25,0,0
458,Honduras,91,1894,2.5,1.75,0,0
459,Honduras,91,1904,2,2.25,0,0
460,Honduras,91,1921,2.5,0.75,0,0
461,Honduras,91,1924,2.5,2.25,0,0
462,Honduras,91,1936,3.5,3,0,0
463,Honduras,91,1957,6,0,0.25,0
464,Honduras,91,1965,5.5,2.25,0,0
465,Honduras,91,1982,7,2.75,3,0
466,Honduras,91,2013,10,2.5,4.75,1
467,Hungary,310,1919,0.5,6,6.5,0
468,Hungary,310,1920,2,0,0,0
469,Hungary,310,1946,2.5,1.5,0,0
470,Hungary,310,1949,2.5,5.25,1.75,0
471,Hungary,310,2011,8.5,10,6.25,1
472,Hungary,310,2013,7.5,10.25,10.25,1
473,Iceland,395,1920,5,2,0.5,0
474,Iceland,395,1944,3,1.75,0.5,0
475,Iceland,395,2013,1.5,5,0,1
476,India,750,1949,5,5.75,16,0
477,India,750,2015,6,9,19,1
478,Indonesia,850,1945,6,4,4.75,0
479,Indonesia,850,1949,4.66666667,3.5,2,0
480,Indonesia,850,1950,4.5,3,2.5,0
481,Indonesia,850,2002,8,2.5,3,1
482,Iran,630,1906,2.5,0,0,0
483,Iran,630,1979,7,4,5.25,0
484,Iran,630,1989,12,3.5,7.5,0
485,Iraq,645,1925,2,4,1.5,0
486,Iraq,645,1958,2,2.5,1,0
487,Iraq,645,1964,6.5,5.25,2.5,0
488,Iraq,645,1970,4.5,4,3.75,0
489,Iraq,645,1990,4.5,4,3.75,0
490,Iraq,645,2004,2.5,6,5.25,1
491,Iraq,645,2005,8.5,6,14.75,1
492,Ireland,205,1922,2,3,3.25,0
493,Ireland,205,1937,5.5,5.25,7,0
494,Ireland,205,2015,3,4.5,5,1
495,Israel,666,1949,0,0,0,0
496,Israel,666,1958,1,0,0,0
497,Israel,666,2013,5.5,0,3,1
498,Italy,325,1848,5,0.75,0.25,0
499,Italy,325,1947,2.5,4.5,6.25,0
500,Italy,325,2012,3,6,5.25,1
501,Jamaica,51,1962,0.5,5,1.25,0
502,Jamaica,51,2011,1,8,0.5,1
503,Japan,740,1889,0.5,0.5,0,0
504,Japan,740,1946,1,5,0,0
505,Jordan,663,1946,3.5,4,1.75,0
506,Jordan,663,1952,5.5,3.75,0.75,0
507,Jordan,663,2014,6,3.25,0.5,1
508,Kazakhstan,705,1993,3.5,10,3.25,1
509,Kazakhstan,705,1995,5.5,8,4.25,1
510,Kazakhstan,705,2011,4.5,7.5,4.5,1
511,Kenya,501,1963,0,6,3.25,0
512,Kenya,501,1969,0,6,3.25,0
513,Kenya,501,2010,4,10.5,12.75,1
514,Kiribati,970,1979,4,5.75,4.75,0
515,Kiribati,970,1995,3,6,3.25,1
516,Kosovo,347,2008,4,11.75,26.5,1
517,Kosovo,347,2012,2.5,11.5,27.5,1
518,Kuwait,690,1962,9,5.25,0,0
519,Kuwait,690,1992,9,5.25,0,1
520,Kyrgyz Republic,703,1993,6,6.5,3,1
521,Kyrgyz Republic,703,2007,6,9.5,3.5,1
522,Kyrgyz Republic,703,2010,4,9.5,8.25,1
523,Laos,812,1947,4.5,0.5,1,0
524,Laos,812,1991,4.5,3.5,8,0
525,Laos,812,2003,5,4.5,8.75,1
526,Latvia,367,1919,0,0,0,0
527,Latvia,367,1922,1,0,0,0
528,Latvia,367,1991,2,3.75,2,0
529,Latvia,367,2014,6.5,3.5,1.5,1
530,Lebanon,660,1926,2.5,1.5,2,0
531,Lebanon,660,2004,4,1.25,5,1
532,Lesotho,570,1966,2,6,3.25,0
533,Lesotho,570,1983,1,0,0,0
534,Lesotho,570,1993,2.5,7,3.875,1
535,Lesotho,570,2004,2.5,7,3.875,1
536,Liberia,450,1847,3.5,3.5,3,0
537,Liberia,450,1986,5.5,6,5.75,0
538,Libya,620,1951,5,5.25,2.25,0
539,Libya,620,1969,7,0.5,0,0
540,Libya,620,2011,6.5,6,0.5,1
541,Libya,620,2012,7,3,1,1
542,Liechtenstein,223,1818,1,0,0,0
543,Liechtenstein,223,1862,2,1,0.5,0
544,Liechtenstein,223,1921,7,2.75,2.5,0
545,Liechtenstein,223,2011,8,2,3.75,1
546,Lithuania,368,1922,4,7.5,15.25,0
547,Lithuania,368,1928,4,7.5,15.25,0
548,Lithuania,368,1938,6,6,5.5,0
549,Lithuania,368,1992,7.5,12.75,10.5,1
550,Lithuania,368,2006,5.5,11.5,7.25,1
551,Luxembourg,212,1841,1,3.5,0,0
552,Luxembourg,212,1848,1.5,2.5,1.75,0
553,Luxembourg,212,1856,1.5,2.5,0.75,0
554,Luxembourg,212,1868,2,1.5,0.75,0
555,Luxembourg,212,2009,0.5,2,0,1
556,Macedonia,343,1991,6.5,8.25,16.25,0
557,Macedonia,343,2011,4,8,21.5,1
558,Madagascar,580,1959,2.5,4.5,2.5,0
559,Madagascar,580,1972,0.5,2,0,0
560,Madagascar,580,1975,2.5,3.5,1.5,0
561,Madagascar,580,1992,5,4.5,3.25,1
562,Madagascar,580,1998,5,5,6.5,1
563,Madagascar,580,2010,5,6.5,4.5,1
564,Malawi,553,1964,2,6,1.75,0
565,Malawi,553,1966,2.5,2.5,0,0
566,Malawi,553,1994,3,9,3.5,1
567,Malawi,553,2010,4,10,3,1
568,Malaysia,820,1957,6,5.75,13,0
569,Malaysia,820,2007,7.5,5.5,11,1
570,Maldives,781,1968,3.5,0,0,0
571,Maldives,781,1998,7,0,0,1
572,Maldives,781,2008,10.5,3,0.5,1
573,Mali,432,1960,2.5,4,1.5,0
574,Mali,432,1974,3.5,5.75,2,0
575,Mali,432,1992,6.5,6,3,1
576,Malta,338,1964,6,7,1.5,0
577,Malta,338,2014,4,4,1,1
578,Marshall Islands,983,1979,4,5,4,0
579,Marshall Islands,983,1995,4.5,5.25,2.75,1
580,Mauritania,435,1961,3.5,2.5,1.5,0
581,Mauritania,435,1978,3.5,2.5,1.5,0
582,Mauritania,435,1980,1.5,0,0,0
583,Mauritania,435,1985,3,0,0,0
584,Mauritania,435,1991,7,2,2.5,0
585,Mauritania,435,2012,10,3,5.5,1
586,Mauritius,590,1968,1.5,7,2.75,0
587,Mauritius,590,2011,2,5.25,6.5,1
588,Mexico,70,1822,4.5,0,0.5,0
589,Mexico,70,1824,3,0,0.5,0
590,Mexico,70,1836,5,0,0,0
591,Mexico,70,1843,6,0,0,0
592,Mexico,70,1856,2,2,0,0
593,Mexico,70,1857,3,1.5,0.5,0
594,Mexico,70,1917,1,2.5,0,0
595,Mexico,70,2015,3,5,9.5,1
596,Micronesia,987,1978,2.5,4.25,2.75,0
597,Micronesia,987,1990,1.5,4.5,3.75,0
598,Moldova,359,1978,2,8.75,2.75,0
599,Moldova,359,1994,5.5,10.25,9,1
600,Moldova,359,2006,5.5,10.5,12.5,1
601,Monaco,221,1911,1,1.75,0.25,0
602,Monaco,221,1917,1,0,0,0
603,Monaco,221,1962,2.5,2.5,0.5,0
604,Monaco,221,2002,3,2.5,0,1
605,Mongolia,712,1924,1,3.25,0,0
606,Mongolia,712,1940,2,5.5,2.875,0
607,Mongolia,712,1960,2.5,8,2.75,0
608,Mongolia,712,1992,6,7.5,1.5,1
609,Mongolia,712,2001,3.5,9,1.5,1
610,Montenegro,341,1905,5,1.75,1,0
611,Montenegro,341,1992,2.5,5.5,10.75,1
612,Montenegro,341,2006,2.5,5.5,10.75,1
613,Montenegro,341,2007,2,8.75,18.5,1
614,Morocco,600,1962,5,1.5,0,0
615,Morocco,600,1970,4.5,1.5,0,0
616,Morocco,600,1972,4.5,1.5,0,0
617,Morocco,600,2011,9.5,3.5,4.5,1
618,Mozambique,541,1975,2.5,5.5,2,0
619,Mozambique,541,1990,5,5,4.25,0
620,Mozambique,541,2004,6,7,5.25,1
621,Mozambique,541,2007,9,5.5,4.5,1
622,Myanmar,775,1947,2,5,6,0
623,Myanmar,775,1962,0,0,0,0
624,Myanmar,775,1974,2,2.25,2,0
625,Myanmar,775,2008,6.5,4.25,12,1
626,Namibia,565,1990,4.5,8,3.75,0
627,Namibia,565,2010,5,7.75,4.5,1
628,Nauru,970,1968,2,5.5,0.75,0
629,Nepal,790,1948,2.5,0.5,0,0
630,Nepal,790,1951,1,4,1.5,0
631,Nepal,790,1959,2.5,3,1,0
632,Nepal,790,1962,5.5,3,0.5,0
633,Nepal,790,1990,3,3.5,10.75,0
634,Nepal,790,2006,1,7.25,19.75,1
635,Nepal,790,2015,4,8.5,12.25,1
636,Netherlands,210,1795,1.5,2.5,0,0
637,Netherlands,210,1798,6.5,1.75,1,0
638,Netherlands,210,1801,3,1.25,2.75,0
639,Netherlands,210,1805,3,1,1.5,0
640,Netherlands,210,1806,2,0,1.5,0
641,Netherlands,210,1815,2.5,0.5,0.5,0
642,Netherlands,210,2008,0.5,4,1.25,1
643,Nicaragua,93,1826,4,0,0,0
644,Nicaragua,93,1838,4,0.75,0,0
645,Nicaragua,93,1848,4,0,0,0
646,Nicaragua,93,1854,4.5,0,0.5,0
647,Nicaragua,93,1858,2.5,0,0,0
648,Nicaragua,93,1893,0.5,1.75,0,0
649,Nicaragua,93,1905,1.5,1.5,0,0
650,Nicaragua,93,1911,3.5,0.75,0,0
651,Nicaragua,93,1939,4.5,3,0.25,0
652,Nicaragua,93,1948,3.5,4,0,0
653,Nicaragua,93,1950,5,4,0.25,0
654,Nicaragua,93,1974,5.5,4.5,0.25,0
655,Nicaragua,93,1987,5.5,8,8.75,0
656,Nicaragua,93,2014,6.5,10.5,13,1
657,Niger,436,1960,2,4.5,1,0
658,Niger,436,1989,1.5,4.25,3,0
659,Niger,436,1992,3,6,3,1
660,Niger,436,1996,4.5,5,4,1
661,Niger,436,1999,4,5.75,4.75,1
662,Niger,436,2009,3.5,2.75,3.25,1
663,Niger,436,2010,6.5,6,4.5,1
664,Nigeria,475,1960,0.5,6,0.5,0
665,Nigeria,475,1963,2,6.5,0.5,0
666,Nigeria,475,1978,5.5,7.25,7.75,0
667,Nigeria,475,1989,5,7.75,8.25,0
668,Nigeria,475,1999,6,6,9.25,1
669,Nigeria,475,2010,4.5,7.75,9.25,1
670,North Korea,731,1948,2,4.75,1,0
671,North Korea,731,1972,4.5,1,0,0
672,North Korea,731,2009,6,2.25,0,1
673,Norway,385,1814,6,0,0,0
674,Norway,385,2015,5.5,1,3.75,1
675,Oman,698,1996,9,4.5,0,1
676,Oman,698,2011,9.5,4.5,0,1
677,Pakistan,770,1956,4.5,5.75,5.75,0
678,Pakistan,770,1962,4.5,5.25,7.5,0
679,Pakistan,770,1973,5,4.5,8,0
680,Pakistan,770,2002,7,3.25,9.5,1
681,Pakistan,770,2015,7,5.5,6.25,1
682,Palau,986,1981,3.5,7.5,5.5,0
683,Palau,986,1992,3.5,7.5,5.5,1
684,Panama,95,1904,5.5,1.75,0,0
685,Panama,95,1940,7.5,1.75,2,0
686,Panama,95,1946,8.5,4,5.25,0
687,Panama,95,1972,8,4,7.5,0
688,Panama,95,2004,10.5,4.75,10.75,1
689,Papua New Guinea,910,1975,7,5.75,7.5,0
690,Papua New Guinea,910,2014,5,6.75,2.5,1
691,Paraguay,150,1813,0,0,0,0
692,Paraguay,150,1844,3,0,0,0
693,Paraguay,150,1870,4.5,1.5,0.5,0
694,Paraguay,150,1940,4.5,1.25,0,0
695,Paraguay,150,1967,5.5,2.25,2.5,0
696,Paraguay,150,1992,5,5.5,8.75,1
697,Paraguay,150,2011,6,7,12.75,1
698,Peru,135,1823,6,0,0,0
699,Peru,135,1826,3.5,0,0,0
700,Peru,135,1828,4.5,0,0,0
701,Peru,135,1834,4,0,0,0
702,Peru,135,1839,3.5,0,0,0
703,Peru,135,1856,3,0,0,0
704,Peru,135,1860,3,0,0,0
705,Peru,135,1867,3,0,0,0
706,Peru,135,1868,3,0,0,0
707,Peru,135,1920,3.5,0,1,0
708,Peru,135,1933,2,1.5,3,0
709,Peru,135,1979,4,5.75,8.25,0
710,Peru,135,1993,3.5,8,4,1
711,Peru,135,2009,6.5,9,8.5,1
712,Philippines,840,1899,4,2.5,1,0
713,Philippines,840,1935,4.5,3,2.5,0
714,Philippines,840,1945,4.5,3,2.5,0
715,Philippines,840,1973,7,4.5,2,0
716,Philippines,840,1986,0,0,0,0
717,Philippines,840,1987,7.5,5,12.75,0
718,Poland,290,1791,7,1.5,0.5,0
719,Poland,290,1815,8.25,1.25,3,0
720,Poland,290,1921,6,10.25,11,0
721,Poland,290,1935,2.5,2.75,0,0
722,Poland,290,1947,0.5,0,0,0
723,Poland,290,1952,3,6.25,2,0
724,Poland,290,1976,4,7,2.5,0
725,Poland,290,1992,1.5,0,0,1
726,Poland,290,1997,7.5,10.25,8.25,1
727,Poland,290,2009,8,10.75,7,1
728,Portugal,235,1822,7,1,0,0
729,Portugal,235,1826,6.5,1.5,0,0
730,Portugal,235,1838,5.5,0.75,0,0
731,Portugal,235,1911,2,3.75,1.25,0
732,Portugal,235,1933,4.5,2.75,2.75,0
733,Portugal,235,1976,3,8,1,0
734,Portugal,235,2005,5.5,8,1.5,1
735,Qatar,694,2003,9,3.5,0,1
736,Republic of Vietnam,817,1956,2.5,3.5,0,0
737,Republic of Vietnam,817,1965,0.5,0,0,0
738,Republic of Vietnam,817,1967,2,4.5,2.5,0
739,Romania,360,1866,3.5,1,0,0
740,Romania,360,1923,4,5,1.75,0
741,Romania,360,1938,6,3,1,0
742,Romania,360,1948,3,6.25,6.25,0
743,Romania,360,1952,4,6.5,9.75,0
744,Romania,360,1965,2,7,6.75,0
745,Romania,360,1991,6,12,8.5,0
746,Romania,360,2003,5,10.25,5.5,1
747,Russia,365,1905,6,2.25,1.25,0
748,Russia,365,1918,2,5,1.5,0
749,Russia,365,1924,0.5,0,2.75,0
750,Russia,365,1936,2,6.5,3,0
751,Russia,365,1977,4,10,6.75,0
752,Russia,365,1993,4,11,9.75,1
753,Russia,365,2014,3,10.5,6,1
754,Rwanda,517,1962,2,3.5,1.5,0
755,Rwanda,517,1978,2,4.5,1,0
756,Rwanda,517,2003,5,3.5,3,1
757,Rwanda,517,2015,5,5,4.25,1
758,Saint Kitts and Nevis,60,1983,3.5,5.5,1,0
759,Saint Lucia,56,1978,2,5.5,1.75,0
760,Saint Vincent and the Grenadines,57,1979,1.5,5.75,1.75,0
761,Samoa,990,1962,3.5,4.5,1.5,0
762,Samoa,990,2013,0,0,0,1
763,Sao Tome and Principe,403,1975,2.5,5.25,0,0
764,Sao Tome and Principe,403,2003,3.5,5.25,1,1
765,Saudi Arabia,670,1992,10.5,0,0,1
766,Saudi Arabia,670,2005,3,0,0,1
767,Senegal,433,1960,3,5.5,1.25,0
768,Senegal,433,1963,2.5,6.5,1,0
769,Senegal,433,2001,2,7.5,2.5,1
770,Senegal,433,2009,4,6.5,6.5,1
771,Serbia,340,1869,6,0.5,0.25,0
772,Serbia,340,1888,3.5,0.75,1.25,0
773,Serbia,340,1901,3.5,0.75,0.75,0
774,Serbia,340,1903,5,2.25,1.75,0
775,Serbia,340,2006,3,12.25,18.75,1
776,Serbia and Montenegro,340,2003,0,0,1,1
777,Seychelles,591,1979,1,2.5,1,0
778,Seychelles,591,1993,3.5,3.5,2,1
779,Seychelles,591,2011,5,4.5,5,1
780,Sierra Leone,451,1961,0,4.75,0.75,0
781,Sierra Leone,451,1971,0.5,3.75,1.75,0
782,Sierra Leone,451,1978,1.5,4.75,2,0
783,Sierra Leone,451,1991,4.5,5.75,2.25,0
784,Sierra Leone,451,1996,4.5,5.75,2.25,1
785,Sierra Leone,451,2008,6,6.5,6.625,1
786,Singapore,830,1963,1.5,6.5,10.25,0
787,Singapore,830,2010,1,5.75,15.25,1
788,Slovak Republic,317,1992,4.5,7.25,6.25,1
789,Slovak Republic,317,2014,4,9.25,5.75,1
790,Slovenia,349,1991,3.5,8.5,14,0
791,Slovenia,349,2013,3.5,11,12,1
792,Solomon Islands,940,1978,3,3.75,2,0
793,Solomon Islands,940,2009,3,5.75,2.5,1
794,Somalia,520,1960,6.5,5,0.5,0
795,Somalia,520,1979,6.5,3.75,2,0
796,Somalia,520,2004,5.5,4.5,0.5,1
797,Somalia,520,2012,8,5.5,7,1
798,South Africa,560,1909,2,0,2,0
799,South Africa,560,1961,2,0,2,0
800,South Africa,560,1983,4,0,3,0
801,South Africa,560,1993,2,7.5,7,1
802,South Africa,560,1996,1.5,8,11,1
803,South Africa,560,2012,2.5,9.5,17.5,1
804,South Korea,732,1948,2,3,0,0
805,South Korea,732,1987,3,4,0,0
806,South Sudan,626,2011,3.5,7,11,1
807,South Sudan,626,2013,0,0,0,1
808,Spain,230,1808,3.5,0,0.5,0
809,Spain,230,1812,6,0,0,0
810,Spain,230,1834,1,0,0,0
811,Spain,230,1837,3,0.5,0,0
812,Spain,230,1845,3.5,0,0,0
813,Spain,230,1869,3,1.75,0,0
814,Spain,230,1876,4.5,1.75,0,0
815,Spain,230,1931,4,4,2.75,0
816,Spain,230,1967,7.5,0.5,0,0
817,Spain,230,1978,5.5,6,7.25,0
818,Spain,230,2011,4.5,6.5,6,1
819,Sri Lanka,780,1931,2,0,0,0
820,Sri Lanka,780,1972,4.5,4.75,3.75,0
821,Sri Lanka,780,1978,2.5,9,5.25,0
822,Sri Lanka,780,2015,3.5,7,3.5,1
823,Sudan,625,1955,0.5,0.25,0,0
824,Sudan,625,1971,3,3,0,0
825,Sudan,625,1973,11,5.75,4.5,0
826,Sudan,625,1985,3.5,2,1,0
827,Sudan,625,1998,9,5.75,5.75,1
828,Sudan,625,2005,8,9,21.75,1
829,Surinam,115,1975,1.5,4,0.5,0
830,Surinam,115,1987,3.5,5,0,0
831,Surinam,115,1992,4.5,5,0,1
832,Suriname,115,1981,2.5,5,0.5,0
833,Suriname,115,1982,2.5,4.75,0.5,0
834,Swaziland,572,1968,1.5,7.25,1,0
835,Swaziland,572,2005,6,5,3.75,1
836,Sweden,380,1809,2.5,0.5,0,0
837,Sweden,380,1974,0.5,5,0.5,0
838,Sweden,380,2012,2,5.5,7.5,1
839,Switzerland,225,1798,1.5,1.5,0,0
840,Switzerland,225,1802,3,0.5,0,0
841,Switzerland,225,1803,2,0,0,0
842,Switzerland,225,1815,1.5,0,0,0
843,Switzerland,225,1848,4.5,1,2,0
844,Switzerland,225,1874,3,4,5,0
845,Switzerland,225,1999,3.5,9,12,1
846,Switzerland,225,2014,3.5,8,6.5,1
847,Syria,652,1930,6,4.75,2.75,0
848,Syria,652,1943,6,4.75,2.75,0
849,Syria,652,1950,8,2,2.25,0
850,Syria,652,1953,8.5,1.25,0.25,0
851,Syria,652,1964,7,1.25,0,0
852,Syria,652,1973,8,1.5,0,0
853,Syria,652,2012,7.5,4,2.5,1
854,Tajikistan,702,1994,5,10.5,3,1
855,Tajikistan,702,2003,4,9.5,6.25,1
856,Tanzania,510,1961,0,3.5,0,0
857,Tanzania,510,1962,0.5,4,0,0
858,Tanzania,510,1965,0,2,1,0
859,Tanzania,510,1977,0.5,3.25,0.5,0
860,Tanzania,510,2012,2,1.5,0.5,1
861,Thailand,800,1932,2.5,3,0,0
862,Thailand,800,1949,4.5,2,0,0
863,Thailand,800,1952,3.5,3,0,0
864,Thailand,800,1959,1,0,0,0
865,Thailand,800,1968,5,3.75,0,0
866,Thailand,800,1972,1,0,0,0
867,Thailand,800,1974,5,3.25,0,0
868,Thailand,800,1976,2,0,0.5,0
869,Thailand,800,1977,1.5,0,0,0
870,Thailand,800,1978,2.5,2,0.5,0
871,Thailand,800,1991,2.5,2,0.5,0
872,Thailand,800,1997,5,3.75,1,1
873,Thailand,800,2006,1.5,0,0,1
874,Thailand,800,2007,5,5,4,1
875,Thailand,800,2014,1,0.75,0,1
876,Timor,860,2002,7,8,8,1
877,Togo,461,1960,1,0,0,0
878,Togo,461,1961,3.5,2.5,0.5,0
879,Togo,461,1963,2.5,8,2.75,0
880,Togo,461,1979,1.5,4,0,0
881,Togo,461,1992,2.5,5,0.5,1
882,Togo,461,2007,6.5,6.75,3.75,1
883,Tonga,955,1988,3.5,1.5,0,0
884,Tonga,955,2011,5.5,0.5,0,1
885,Trinidad and Tobago,52,1962,2,5,0,0
886,Trinidad and Tobago,52,1976,2,5,0,0
887,Trinidad and Tobago,52,2007,2,5,0,1
888,Tunisia,616,1861,2,3,0,0
889,Tunisia,616,1956,1,0,0,0
890,Tunisia,616,1957,0,0,0,0
891,Tunisia,616,1959,9.5,4.25,3,0
892,Tunisia,616,2011,1.75,0,0,1
893,Tunisia,616,2014,9,2.5,2,1
894,Turkey,640,1876,4,2.25,0,0
895,Turkey,640,1921,0.5,0,0,0
896,Turkey,640,1924,5.5,1.5,0.5,0
897,Turkey,640,1945,3.5,2.25,0,0
898,Turkey,640,1961,3.5,7.25,0,0
899,Turkey,640,1982,6,7.75,0,0
900,Turkey,640,2011,6.5,7.75,0.5,1
901,Turkmenistan,701,1992,5.5,8.5,2,1
902,Turkmenistan,701,2008,5,10,4,1
903,Tuvalu,947,1978,2.5,6.25,1.5,0
904,Tuvalu,947,1986,4,6.5,2.5,0
905,Tuvalu,947,2012,5.5,5.75,2.5,1
906,Uganda,500,1962,1,6.25,1.75,0
907,Uganda,500,1967,2.5,4.25,1.5,0
908,Uganda,500,1995,6.5,7.5,8.75,1
909,Uganda,500,2005,5.5,8.75,11.75,1
910,Ukraine,369,1978,4,8.25,2.25,0
911,Ukraine,369,1996,5,7.5,7.5,1
912,Ukraine,369,2014,5.5,7.5,6.5,1
913,United Arab Emirates,696,1971,6.5,3.25,0.25,0
914,United Arab Emirates,696,2009,7.5,3.5,0,1
915,United States,2,1781,1,0,1,0
916,United States,2,1789,1,2.5,0.5,0
917,United States,2,1992,2,3.5,0.5,1
918,Uruguay,165,1830,4,0.5,0,0
919,Uruguay,165,1918,0,2,0,0
920,Uruguay,165,1934,1,1,0.5,0
921,Uruguay,165,1952,2,1,0.75,0
922,Uruguay,165,1966,2,1,0.75,0
923,Uruguay,165,1985,2,1,0.75,0
924,Uruguay,165,2004,3,1,1,1
925,Uzbekistan,704,1992,3.5,8,3.25,1
926,Uzbekistan,704,2011,4,4.75,5,1
927,Vanuatu,935,1980,4.5,5,6.25,0
928,Vanuatu,935,1983,6.5,6,11.75,0
929,Venezuela,101,1830,3,0,0,0
930,Venezuela,101,1857,4.5,0,0,0
931,Venezuela,101,1858,1.5,0,0,0
932,Venezuela,101,1864,3,1.25,0.5,0
933,Venezuela,101,1874,3.5,1.25,0.5,0
934,Venezuela,101,1881,1.5,2,0.5,0
935,Venezuela,101,1891,1.5,2,0,0
936,Venezuela,101,1893,2.5,2,0,0
937,Venezuela,101,1901,3.5,1,0,0
938,Venezuela,101,1904,3,1,0.5,0
939,Venezuela,101,1909,3,1,0,0
940,Venezuela,101,1914,1.5,1,0.5,0
941,Venezuela,101,1922,2,1,0.5,0
942,Venezuela,101,1925,1.5,1,0.5,0
943,Venezuela,101,1928,2.5,1.25,0,0
944,Venezuela,101,1929,3.5,1.25,0.5,0
945,Venezuela,101,1931,3,1.25,0.5,0
946,Venezuela,101,1936,3,0.5,0,0
947,Venezuela,101,1947,5,2.5,2.5,0
948,Venezuela,101,1953,3,1,0,0
949,Venezuela,101,1961,5.5,3.25,1,0
950,Venezuela,101,1999,4.5,5.25,10.25,1
951,Venezuela,101,2009,8,6.75,15.25,1
952,Vietnam,816,1960,2,3.5,8.25,0
953,Vietnam,816,1980,3.5,2.5,5.5,0
954,Vietnam,816,1992,4,3.5,4.5,1
955,Vietnam,816,2013,5.5,5,8,1
956,Yemen Arab Republic,678,1962,7.5,0,0,0
957,Yemen Arab Republic,678,1970,10.5,4,0.5,0
958,Yemen Arab Republic,678,1974,6,0,0,0
959,Yemen Arab Republic,678,1991,6.5,4.75,0,0
960,Yemen Arab Republic,678,2001,10,0,1.5,1
961,Yemen People's Republic,680,1970,6.5,3.75,2,0
962,Yemen People's Republic,680,1978,6.5,3.75,2,0
963,Yugoslavia,340,1921,5.5,2.75,5.5,0
964,Yugoslavia,340,1931,4,3.25,2.25,0
965,Yugoslavia,340,1946,2,8.25,5.75,0
966,Yugoslavia,340,1953,1,1.5,1.5,0
967,Yugoslavia,340,1963,3.5,10,9.25,0
968,Yugoslavia,340,1974,2.5,9,14.25,0
969,Yugoslavia,340,1990,3,9.5,6.5,0
970,Yugoslavia,340,1992,2.5,7.5,9.75,1
971,Zambia,551,1964,0.5,7.5,1.5,0
972,Zambia,551,1973,3,6.75,1.375,0
973,Zambia,551,1991,3,7.5,1.25,0
974,Zambia,551,2009,5.5,6.25,6.25,1
975,Zimbabwe,552,1965,2.5,6.5,3.75,0
976,Zimbabwe,552,1969,3,5.25,6.5,0
977,Zimbabwe,552,1979,1.5,7.5,7.25,0
978,Zimbabwe,552,2013,4.5,12.25,14.75,1